Sort 용 번호,세부 구분 1,세부 구분 2,세부 구분 3,보조기기 분야,Package #,자재명 (한글),자재명 (영문),품질 등급,공급,시공 ,공급.1,시공,procurement_SK34,contractDate_SK34,procurement_SH12,contractDate_SH12,procurement_SK56,contractDate_SK56,procurement_SH34,contractDate_SH34,CP,POWER_SCALING,MODULE_FACTOR,DESIGN_SIMPLIFICATIONS,COUNTRY-SPECIFIC
1,Direct,기자재비,원자로설비,-,-,원자로설비,원자로설비,-,-,-,-,-,955817500000.0001,2006-08-28 00:00:00,1382488800000.0,2009-07-31 00:00:00,1852587000000.0,2014-08-28 00:00:00,2571929000000,2024-03-29 00:00:00,CP-M5,REACTOR/BOILER,O,X,X
2,Direct,기자재비,터빈발전기,-,-,터빈발전기,터빈발전기,-,-,-,-,-,245408900000.00003,2006-08-28 00:00:00,475737900000.00006,2009-06-23 00:00:00,456122000000.0,2014-08-28 00:00:00,585244000000,2024-03-29 00:00:00,CP-M3,T/G,O,X,X
3,Direct,기자재비,보조기기,CIVIL,C201,시멘트,CEMENT ,Q,○,-,-,○,23645600000.000004,2007-12-03 00:00:00,0.0,-,30942000000.0,2015-07-15 00:00:00,36650000000,2023-10-31 00:00:00,CP-A1,,X,X,O
4,Direct,기자재비,보조기기,CIVIL,C204,철골,STRUCTURAL STEEL,"Q,A,S",○,-,-,○,33513700000.000004,2007-06-21 00:00:00,44972098600.0,2011-03-30 00:00:00,45098000000.0,2015-09-04 00:00:00,61733000000,2023-12-22 00:00:00,CP-A1,,X,X,O
5,Direct,기자재비,보조기기,CIVIL,C205A,철근 A 그룹,"REINFORCING STEEL BAR, UP TO #10 BAR SIZES",Q,○,-,-,○,35998600000.0,2007-11-23 00:00:00,58219000000.0,2012-05-22 00:00:00,58560000000.0,2016-02-01 00:00:00,82313000000,2023-12-20 00:00:00,CP-A1,,X,X,O
6,Direct,기자재비,보조기기,CIVIL,C205B,철근 B 그룹,"REINFORCING STEEL BAR, #11, #14 & #18 BAR SIZES",Q,○,-,-,○,39430600000.0,2007-11-23 00:00:00,71640000000.0,2012-05-22 00:00:00,74285000000.0,2016-02-15 00:00:00,114986000000,2023-12-20 00:00:00,CP-A1,,X,X,O
7,Direct,기자재비,보조기기,CIVIL,C205C,철근 C 그룹,"REINFORCING STEEL BAR, KS BARS",S,○,-,-,○,2104300000.0000002,2007-11-23 00:00:00,0.0,-,0.0,-,0,-,CP-A1,,X,X,O
8,Direct,기자재비,보조기기,CIVIL,C208,원자로건물 철판,CONTAINMENT LINER PLATES,"Q,A",○,-,-,○,31672300000.000004,2007-12-27 00:00:00,23650000000.000004,2010-07-19 00:00:00,28704000000.0,2016-08-23 00:00:00,0,-,CP-A1,,X,X,O
9,Direct,기자재비,보조기기,CIVIL,C209,격납건물 포스트텐셔닝,CONTAINMENT POST- TENSIONING SYSTEM,"Q,S",○,-,-,○,20255400000.0,2007-10-31 00:00:00,23221000000.0,2011-03-31 00:00:00,21890000000.0,2016-03-10 00:00:00,35749000000,2024-03-11 00:00:00,CP-A1,,X,X,O
10,Direct,기자재비,보조기기,CIVIL,C210,스테인리스 스틸라이너,STAINLESS STEEL LINER  WORKS,"Q,A",○,-,-,○,29304000000.000004,2007-12-24 00:00:00,0.0,-,21036000000.0,2016-05-27 00:00:00,0,-,CP-M1,,X,X,O
11,Direct,기자재비,보조기기,CIVIL,C211,-,PRESTRESSED CONCRETE PIPE (STEEL CYLINDER TYPE),Q,-,-,○,○,0.0,-,0.0,-,0.0,-,0,-,X,X,O,X,O
12,Direct,기자재비,보조기기,CIVIL,C212,보조기기 취수관료용 유리섬유복합관,GLASS FIBER REINFORCED PLASTIC PIPE & FITTINGS,S,○,-,-,○,0.0,-,4967668603.0,2013-07-26 00:00:00,9655000000.0,2016-10-19 00:00:00,12209000000,2023-12-22 00:00:00,CP-C1,MISC,O,X,O
13,Direct,기자재비,보조기기,CIVIL,C213,우배수관,STORM DRAIN PIPING & FITTINGS,S,○,-,-,○,0.0,-,0.0,-,682000000.0,-,0,-,CP-C1,,O,X,O
14,Direct,기자재비,보조기기,CIVIL,C215A,안전등급 공장제작 배관지지대,SAFETY-RELATED SHOP FABRICATED PIPE SUPPORTS,Q,○,-,-,○,0.0,-,8162000000.0,2011-07-15 00:00:00,6465000000.0,2016-04-18 00:00:00,10670000000,2024-05-30 00:00:00,CP-P1,REACTOR/BOILER,O,PIPING,O
15,Direct,기자재비,보조기기,CIVIL,C215B,비안정성 공장제작배관지지대,SHOP FABRICATED POWER PIPE SUPPORTS,S,○,-,-,○,0.0,-,5868500000.0,2011-08-10 00:00:00,0.0,-,8542000000,2024-09-02 00:00:00,CP-P1,T/G,O,X,O
16,Direct,기자재비,보조기기,CIVIL,C215C,방진기,SNUBBERS,"Q,S",○,-,-,○,0.0,-,0.0,-,0.0,-,0,-,X,X,O,X,O
17,Direct,기자재비,보조기기,CIVIL,C216,레미콘,READY-MIXED CONCRETE (TYPE 1 CEMENT),S,○,-,-,○,0.0,-,0.0,-,0.0,-,0,-,X,X,O,X,O
18,Direct,기자재비,보조기기,CIVIL,C220,-,CONCRETE EXPANSION ANCHORS,"Q,A,S",-,-,○,○,0.0,-,0.0,-,0.0,-,0,-,X,X,O,X,O
19,Direct,기자재비,보조기기,CIVIL,C222,-,PIPE WHIP RESTRAINT,Q,-,-,○,○,0.0,-,0.0,-,0.0,-,0,-,X,X,O,X,O
20,Direct,기자재비,보조기기,CIVIL,C223,-,MISCELLANEOUS STEEL AND METALS,"Q,A,S",-,-,○,○,0.0,-,0.0,-,0.0,-,0,-,X,X,O,X,O
21,Direct,기자재비,보조기기,CIVIL,C224,-,WATERPROOFING,S,-,-,○,○,0.0,-,0.0,-,0.0,-,0,-,X,X,O,X,O
22,Direct,기자재비,보조기기,CIVIL,C225,-,WATER STOP AND EXPANSION JOINT FILLER,S,-,-,○,○,0.0,-,0.0,-,0.0,-,0,-,X,X,O,X,O
23,Direct,기자재비,보조기기,CIVIL,C228A,-,NSSS EMBEDMENTS,Q,-,-,○,○,0.0,-,0.0,-,0.0,-,0,-,X,X,O,X,O
24,Direct,기자재비,보조기기,CIVIL,C228B,-,NSSS SUPPORTS,Q,-,-,○,○,0.0,-,0.0,-,0.0,-,0,-,X,X,O,X,O
25,Direct,기자재비,보조기기,CIVIL,C231,-,MECHANICAL REBAR SPLICES ,"Q,A,S",-,-,○,○,0.0,-,0.0,-,0.0,-,0,-,X,X,O,X,O
26,Direct,기자재비,보조기기,CIVIL,C235,-,YARD FIRE PROTECTION SYSTEM PIPING AND FITTINGS,S,-,-,○,○,0.0,-,0.0,-,0.0,-,0,-,X,X,O,X,O
27,Direct,기자재비,보조기기,CIVIL,C251,스틸 그레이팅,STEEL GRATING,S,○,-,-,○,0.0,-,0.0,-,7065000000.0,2019-10-14 00:00:00,0,-,CP-M1,,O,X,O
28,Direct,기자재비,보조기기,건축,A202,-,LAUNDRY EQUIPMENT,S,-,-,○,○,0.0,-,0.0,-,0.0,-,0,-,X,X,O,X,O
29,Direct,기자재비,보조기기,건축,A203,엘리베이터,ELECTRIC ELEVATORS,S,○,-,-,○,0.0,-,0.0,-,2061532000.0000002,2016-03-14 00:00:00,0,-,CP-M1,MISC,O,X,O
30,Direct,기자재비,보조기기,건축,A220,-,HOLLOW METAL DOORS & HARDWARES,"A,S",-,-,○,○,0.0,-,0.0,-,0.0,-,0,-,X,X,O,X,O
31,Direct,기자재비,보조기기,건축,A221,-,BULLET-RESISTANT DOORS,"A,S",-,-,○,○,0.0,-,0.0,-,0.0,-,0,-,X,X,O,X,O
32,Direct,기자재비,보조기기,건축,A223,-,ROLLING DOORS,"A,S",-,-,○,○,0.0,-,0.0,-,0.0,-,0,-,X,X,O,X,O
33,Direct,기자재비,보조기기,건축,A224,-,BLAST DOORS,A,-,-,○,○,0.0,-,0.0,-,0.0,-,0,-,X,X,O,X,O
34,Direct,기자재비,보조기기,건축,A225,-,"ENTRANCE DOORS, STOREFRONTS, WINDOWS, GLASS, GLAZING & STAINLESS STEEL CURTAINWALL",S,-,-,○,○,0.0,-,0.0,-,0.0,-,0,-,X,X,O,X,O
35,Direct,기자재비,보조기기,건축,A226,-,LOUVERS ,S,-,-,○,○,0.0,-,0.0,-,0.0,-,0,-,X,X,O,X,O
36,Direct,기자재비,보조기기,건축,A227,-,METAL SIDING WORK,S,-,-,○,○,0.0,-,0.0,-,0.0,-,0,-,X,X,O,X,O
37,Direct,기자재비,보조기기,건축,A228,-,METAL ROOF PANELS,S,-,-,○,○,0.0,-,0.0,-,0.0,-,0,-,X,X,O,X,O
38,Direct,기자재비,보조기기,건축,A229,-,CURTAIN WALL,S,-,-,○,○,0.0,-,0.0,-,0.0,-,0,-,X,X,O,X,O
39,Direct,기자재비,보조기기,건축,A230,-,MISCELLANEOUS METALS & SHEETS,S,-,-,○,○,0.0,-,0.0,-,0.0,-,0,-,X,X,O,X,O
40,Direct,기자재비,보조기기,건축,A231,-,CONTROL ROOM CEILING,A,-,-,○,○,0.0,-,0.0,-,0.0,-,0,-,X,X,O,X,O
41,Direct,기자재비,보조기기,건축,A232,-,ACCESS FLOORING,"A,S",-,-,○,○,0.0,-,0.0,-,0.0,-,0,-,X,X,O,X,O
42,Direct,기자재비,보조기기,건축,A233,-,CAULKING AND SEALANTS,S,-,-,○,○,0.0,-,0.0,-,0.0,-,0,-,X,X,O,X,O
43,Direct,기자재비,보조기기,건축,A234,-,OPENING AND PENETRATION SEALS,"A,S",-,-,○,○,0.0,-,0.0,-,0.0,-,0,-,X,X,O,X,O
44,Direct,기자재비,보조기기,건축,A235,-,FIREPROOFING ON STRUCTURAL STEEL,A,-,-,○,○,0.0,-,0.0,-,0.0,-,0,-,X,X,O,X,O
45,Direct,기자재비,보조기기,건축,A236,실험실가구,LABORATORY FURNITURE,S,○,-,-,○,0.0,-,0.0,-,308457303.0,2020-07-16 00:00:00,0,-,CP-A2,MISC,O,X,O
46,Direct,기자재비,보조기기,건축,A237,-,ABOVE GRADE MEMBRANE WATERPROOFING,S,-,-,○,○,0.0,-,0.0,-,0.0,-,0,-,X,X,O,X,O
47,Direct,기자재비,보조기기,건축,A238,-,GYPSUM DRYWALL,S,-,-,○,○,0.0,-,0.0,-,0.0,-,0,-,X,X,O,X,O
48,Direct,기자재비,보조기기,건축,A239,-,"STUDDING, LATHING AND PLASTERING",S,-,-,○,○,0.0,-,0.0,-,0.0,-,0,-,X,X,O,X,O
49,Direct,기자재비,보조기기,건축,A240,-,ACCESSIBLE SUSPENDED ACOUSTICAL TILE CEILING,"A,S",-,-,○,○,0.0,-,0.0,-,0.0,-,0,-,X,X,O,X,O
50,Direct,기자재비,보조기기,건축,A241,-,CERAMIC TILES,S,-,-,○,○,0.0,-,0.0,-,0.0,-,0,-,X,X,O,X,O
51,Direct,기자재비,보조기기,건축,A243,-,VINYL COMPOSITION TILE,S,-,-,○,○,0.0,-,0.0,-,0.0,-,0,-,X,X,O,X,O
52,Direct,기자재비,보조기기,건축,A244,-,VINYL SHEET FLOORING,S,-,-,○,○,0.0,-,0.0,-,0.0,-,0,-,X,X,O,X,O
53,Direct,기자재비,보조기기,건축,A245,-,CHEMICAL-RESISTANT FLOOR FINISH,S,-,-,○,○,0.0,-,0.0,-,0.0,-,0,-,X,X,O,X,O
54,Direct,기자재비,보조기기,건축,A246,-,GRANITE,S,-,-,○,○,0.0,-,0.0,-,0.0,-,0,-,X,X,O,X,O
55,Direct,기자재비,보조기기,건축,A247,-,TOILET PARTITIONS & ACCESSORIES,S,-,-,○,○,0.0,-,0.0,-,0.0,-,0,-,X,X,O,X,O
56,Direct,기자재비,보조기기,건축,A248,-,LOCKERS AND BENCHES,S,-,-,○,○,0.0,-,0.0,-,0.0,-,0,-,X,X,O,X,O
57,Direct,기자재비,보조기기,건축,A249,-,KITCHEN UNITS & CABINETS,S,-,-,○,○,0.0,-,0.0,-,0.0,-,0,-,X,X,O,X,O
58,Direct,기자재비,보조기기,건축,A253,-,FIELD FINISH COATING/PAINTING MATERIALS FOR COATING SERVICE LEVEL Ⅰ&Ⅱ AREAS,"Q,S",-,-,○,○,0.0,-,0.0,-,0.0,-,0,-,X,X,O,X,O
59,Direct,기자재비,보조기기,건축,A254,-,FIELD FINISH COATING/PAINTING MATERIALS FOR INDUSTRIAL/ARCHITECTURAL AREAS,S ,-,-,○,○,0.0,-,0.0,-,0.0,-,0,-,X,X,O,X,O
60,Direct,기자재비,보조기기,건축,A255,-,CONCRETE BLOCK MASONRY,S,-,-,○,○,0.0,-,0.0,-,0.0,-,0,-,X,X,O,X,O
61,Direct,기자재비,보조기기,건축,A256,-,RADIATION SHIELD DOOR,A,-,-,○,○,0.0,-,0.0,-,0.0,-,0,-,X,X,O,X,O
62,Direct,기자재비,보조기기,건축,A257,-,FLOOD(WATERTIGHT) DOORS,"Q,A",-,-,○,○,0.0,-,0.0,-,0.0,-,0,-,X,X,O,X,O
63,Direct,기자재비,보조기기,건축,A258,-,TEXTURED COATING,S,-,-,○,○,0.0,-,0.0,-,0.0,-,0,-,X,X,O,X,O
64,Direct,기자재비,보조기기,건축,A263,-,EQUIPMENT COATING MATERIALS FOR COATING SERVICE LEVEL I&II AREAS,"Q,S ",-,-,○,○,0.0,-,0.0,-,0.0,-,0,-,X,X,O,X,O
65,Direct,기자재비,보조기기,건축,A264,-,EQUIPMENT COATING MATERIALS FOR INDUSTRIAL AREA,S,-,-,○,○,0.0,-,0.0,-,0.0,-,0,-,X,X,O,X,O
66,Direct,기자재비,보조기기,기계,M201,복수기 및 보조기기,MAIN CONDENSER & AUXILIARIES,"A,S",○,-,-,○,0.0,-,43450000000.0,2011-01-28 00:00:00,32010000000.0,2016-10-24 00:00:00,0,-,CP-M2,MAIN CONDENSER,O,X,O
67,Direct,기자재비,보조기기,기계,M202,복수기 진공펌프,CONDENSER VACUUM PUMPS,"A,S",○,-,-,○,0.0,-,0.0,-,6886000000.0,2016-06-01 00:00:00,0,-,CP-M1,MAIN CONDENSER,O,X,O
68,Direct,기자재비,보조기기,기계,M203,이물질여과기 및 복수기 세정설비,DEBRIS FILTERS & CONDENSER TUBE CLEANING SYSTEM,"A,S",○,-,-,○,0.0,-,0.0,-,5308000000.0,2017-01-26 00:00:00,0,-,CP-Y1,MAIN CONDENSER,O,X,O
69,Direct,기자재비,보조기기,기계,M204A,주급수펌프,MAIN FEEDWATER PUMPS,A,○,-,-,○,0.0,-,3569316000.0,2010-11-15 00:00:00,7865000000.0,2016-07-20 00:00:00,0,-,CP-M1,T/G,O,X,O
70,Direct,기자재비,보조기기,기계,M204B,가동급수펌프,START-UP FEEDWATER PUMPS,S,○,-,-,○,0.0,-,0.0,-,863500000.0000001,2016-04-29 00:00:00,0,-,CP-M1,T/G,O,X,O
71,Direct,기자재비,보조기기,기계,M205,급수펌프터빈,FEEDWATER PUMP TURBINES ,"A,S",○,-,-,○,22965442500.0,2010-04-09 00:00:00,19874800000.0,2011-07-06 00:00:00,26290000000.0,2016-10-24 00:00:00,0,-,CP-M1,T/G,O,X,O
72,Direct,기자재비,보조기기,기계,M206,보조급수펌프 및 구동기,AUXILIARY FEEDWATER PUMPS & DRIVERS,Q,○,-,-,○,12760000000.000002,2008-09-22 00:00:00,0.0,-,27344000000.0,2018-01-09 00:00:00,29645000000,2024-09-11 00:00:00,CP-M1,T/G,O,X,O
73,Direct,기자재비,보조기기,기계,M208,복수펌프 및 급수승압펌프,CONDENSATE PUMPS & FEEDWATER BOOSTER PUMPS,A,○,-,-,○,13486000000.000002,2008-06-20 00:00:00,13673000000.000002,2010-08-27 00:00:00,14569000000.0,2016-06-07 00:00:00,0,-,CP-M1,MAIN CONDENSER,O,X,O
74,Direct,기자재비,보조기기,기계,M210,염소해수공급펌프 및 스크린세척펌프,CL SEAWATER SUPPLY PUMPS & CIRCULATING WATER SCREEN WASH PUMPS,S,○,-,-,○,0.0,-,0.0,-,805200000.0000001,2016-05-27 00:00:00,0,-,CP-M1,MAIN CONDENSER,O,X,O
75,Direct,기자재비,보조기기,기계,M212,원심펌프,CENTRIFUGAL PUMPS,"A,S ",○,-,-,○,0.0,-,0.0,-,0.0,-,5225000000,2024-08-22 00:00:00,CP-M1,MISC,O,X,O
76,Direct,기자재비,보조기기,기계,M214,디젤(연료)유 및 윤활유 이송펌프,DIESEL FUEL OIL PUMPS & LUBE OIL TRANSFER PUMPS,"Q,S",○,-,-,○,0.0,-,0.0,-,1311200000.0,2016-06-22 00:00:00,1509970000.0000002,2024-01-18 00:00:00,CP-M1,MISC,O,X,O
77,Direct,기자재비,보조기기,기계,M217,수직배수펌프,VERTICAL SUMP PUMPS,"A,S",○,-,-,○,0.0,-,0.0,-,1234013000.0,2015-12-28 00:00:00,2530000000,2025-01-10 00:00:00,CP-M1,MISC,O,X,O
78,Direct,기자재비,보조기기,기계,M218,수중배수펌프,SUBMERSIBLE SUMP PUMPS,S,○,-,-,○,0.0,-,0.0,-,619300000.0,2016-04-14 00:00:00,0,-,CP-M1,MISC,O,X,O
79,Direct,기자재비,보조기기,기계,M220,순환수펌프,CIRCULATING WATER PUMPS,A,○,-,-,○,32351000000.000004,2008-12-18 00:00:00,0.0,-,18641000000.0,2016-10-31 00:00:00,39358000000,2024-06-06 00:00:00,CP-M1,MISC,O,X,O
80,Direct,기자재비,보조기기,기계,M222,공작기계,MACHINE SHOP EQUIPMENT,S,○,-,-,○,0.0,-,0.0,-,810999999.7,2019-12-26 00:00:00,0,-,CP-M1,MISC,O,X,O
81,Direct,기자재비,보조기기,기계,M224,공기압축기 및 보조기기,AIR COMPRESSORS & AUXILIARIES,A,○,-,-,○,0.0,-,0.0,-,3175040000.0000005,2016-10-31 00:00:00,0,-,CP-M1,MISC,O,X,O
82,Direct,기자재비,보조기기,기계,M226,비안전성 냉동기,NON-SAFETY-RELATED CHILLERS,"A,S",○,-,-,○,0.0,-,0.0,-,7425000000.0,2016-07-13 00:00:00,0,-,CP-M1,MISC,O,X,O
83,Direct,기자재비,보조기기,기계,M227,안전성 냉동기,SAFETY-RELATED CHILLERS,"Q,A",○,-,-,○,0.0,-,0.0,-,9350000000.0,2017-01-26 00:00:00,0,-,CP-M1,MISC,O,MECH,O
84,Direct,기자재비,보조기기,기계,M228,급수가열기 및 탈기기,FEEDWATER HEATERS & DEAERATOR,A,○,-,-,○,0.0,-,11730000000.0,2011-06-03 00:00:00,14223000000.0,2017-03-03 00:00:00,0,-,CP-M1,T/G,O,X,O
85,Direct,기자재비,보조기기,기계,M229A,비안전성 판형 열교환기,NON-SAFETY-RELATED HEAT EXCHANGERS (PLATE TYPE),"A,S",○,-,-,○,0.0,-,0.0,-,1042800000.0000001,2016-03-25 00:00:00,1224487000,2024-07-03 00:00:00,CP-M1,MISC,O,X,O
86,Direct,기자재비,보조기기,기계,M229B,비안전성 관형 열교환기,NON-SAFETY-RELATED HEAT EXCHANGERS(SHELL & TUBE TYPE),A,○,-,-,○,0.0,-,0.0,-,314029999.8,2015-08-12 00:00:00,572000000,2024-06-05 00:00:00,CP-M1,MISC,O,X,O
87,Direct,기자재비,보조기기,기계,M233,용수처리설비,"CONDENSATE POLISHING SYSTEM, WATER TREATMENT SYSTEM, CHLORINATION SYSTEM, CHEMICAL FEED PUMPS AND TANKS",S,○,-,-,○,51810000000.00001,2009-04-22 00:00:00,55473000000.0,2012-02-29 00:00:00,33638000000.0,2017-04-28 00:00:00,0,-,CP-M1,MISC,O,X,O
88,Direct,기자재비,보조기기,기계,M239,서비스가스 저장설비,"HYDROGEN, BREATHING AIR & LIQUID NITROGEN STORAGE FACILITIES",S,○,-,-,○,0.0,-,0.0,-,2095500000.0000002,2018-02-12 00:00:00,0,-,CP-M1,MISC,O,X,O
89,Direct,기자재비,보조기기,기계,M241,트레블링 스크린 및 취수구 부속설비,TRAVELING SCREENS & INTAKE STRUCTURE ACCESSORIES,"Q,A,S",○,-,-,○,0.0,-,0.0,-,12779000000.0,2017-05-08 00:00:00,0,-,CP-M1,MISC,O,X,O
90,Direct,기자재비,보조기기,기계,M243,주증기 및 주급수 격리밸브,"(신고리 5,6만) MAIN STEAM ISOLATION VALVES & MAIN FEEDWATER ISOLATION VALVES",Q,○,-,-,○,0.0,-,10277125474.0,2011-06-22 00:00:00,17398000000.0,2021-02-03 00:00:00,0,-,CP-M1,REACTOR/BOILER,O,X,O
91,Direct,기자재비,보조기기,기계,M243,주증기 및 주급수 격리밸브,MAIN STEAM ISOLATION VALVES & MAIN FEEDWATER ISOLATION VALVES ,Q,○,-,-,○,12203400000.000002,2009-08-14 00:00:00,0.0,-,10190000000.0,2017-04-28 00:00:00,0,-,CP-M1,REACTOR/BOILER,O,X,O
92,Direct,기자재비,보조기기,기계,M244,주증기 안전밸브,MAIN STEAM SAFETY VALVES,Q,○,-,-,○,0.0,-,0.0,-,6511000000.0,2020-05-07 00:00:00,0,-,CP-M1,REACTOR/BOILER,O,VALVES,O
93,Direct,기자재비,보조기기,기계,M245,안전방출밸브,SAFETY RELIEF VALVES,"Q,A,S",○,-,-,○,0.0,-,0.0,-,0.0,-,0,-,CP-M1,X,O,VALVES,O
94,Direct,기자재비,보조기기,기계,M246,터빈건믈 핵연료취급지역 크레인,TURBINE GENERATOR BUILDING MAIN CRANE & FUEL HANDLING AREA CRANE,"A,S",○,-,-,○,0.0,-,5082000000.0,2011-05-03 00:00:00,6595000000.0,2016-05-31 00:00:00,0,-,CP-M1,MISC,X,X,O
95,Direct,기자재비,보조기기,기계,M248,원자로건물 천정크레인,REACTOR CONTAINMENT BUILDING POLAR CRANE,A,○,-,-,○,10395000000.0,2009-12-30 00:00:00,0.0,-,17578000000.0,2016-12-13 00:00:00,21230000000,2024-07-24 00:00:00,CP-M1,MISC,X,X,O
96,Direct,기자재비,보조기기,기계,M249,오버헤드크레인 및 기타크레인,OVERHEAD CRANE & MISCELLANEOUS CRANES(15 TO 150ton),S,○,-,-,○,0.0,-,0.0,-,3322000000.0000005,2016-10-17 00:00:00,0,-,CP-M1,MISC,X,X,O
97,Direct,기자재비,보조기기,기계,M250,호이스트 및 기타 크레인,HOISTS & MISCELLANEOUS CRANES (LESS THAN 15TON),"A,S",○,-,-,○,0.0,-,0.0,-,0.0,-,5153000000,2024-09-04 00:00:00,CP-M1,MISC,X,X,O
98,Direct,기자재비,보조기기,기계,M251,안전성 공기조화기,"SAFETY RELATED AIR HANDLING UNITS, CUBICLE COOLERS AND NON-SAFETY-RELATED RCFCS ","Q,A",○,-,-,○,0.0,-,0.0,-,14977000000.0,2016-05-18 00:00:00,0,-,CP-M4,,X,MECH,O
99,Direct,기자재비,보조기기,기계,M252,안전성 공기정화기,SAFETY-RELATED AIR CLEANING UNITS & DUCT HEATERS,"Q,A",○,-,-,○,0.0,-,0.0,-,13283000000.0,2016-04-26 00:00:00,0,-,CP-M4,,X,MECH,O
100,Direct,기자재비,보조기기,기계,M253,비안전 공기조화기 및 지역냉방기,NON-SAFETY-RELATED AIR HANDLING UNITS & CUBICLE COOLERS,"A,S",○,-,-,○,0.0,-,0.0,-,19910000000.0,2016-06-22 00:00:00,0,-,CP-M4,,X,X,O
101,Direct,기자재비,보조기기,기계,M254,댐퍼 및 덕트용 부속설비,DAMPERS  & DUCTWORK  ACCESSORIES,"Q,A,S",○,-,-,○,7848500000.000001,2009-03-27 00:00:00,0.0,-,8635000000.0,2016-09-28 00:00:00,0,-,CP-M4,,X,X,O
102,Direct,기자재비,보조기기,기계,M255A,비안전성 공기정화기,NON-SAFETY-RELATED AIR CLEANING UNITS,A,○,-,-,○,0.0,-,5596929800.0,2011-07-19 00:00:00,18260000000.0,2016-06-22 00:00:00,24920000000,2024-01-31 00:00:00,CP-M4,,X,X,O
103,Direct,기자재비,보조기기,기계,M255B,(안전등급)송풍기,FANS,"Q,A,S",○,-,-,○,0.0,-,0.0,-,4274184706.0000005,2015-12-18 00:00:00,7755550000.000001,2024-12-03 00:00:00,CP-M4,,X,MECH,O
104,Direct,기자재비,보조기기,기계,M255C,-,MOBILE FAN & DUCT,S,○,-,-,○,0.0,-,0.0,-,0.0,-,0,-,CP-M4,,X,X,O
105,Direct,기자재비,보조기기,기계,M258,소화펌프 및 구동기기,FIRE PUMPS & DRIVERS,"A,S",○,-,-,○,0.0,-,0.0,-,3454000000.0000005,2016-07-20 00:00:00,2949959999.8,2024-09-02 00:00:00,CP-M4,,X,X,O
106,Direct,기자재비,보조기기,기계,M259,화재감지설비 및 소화설비,"FIRE DETECTION, PROTECTION SYSTEM AND GASEOUS FIRE PROTECTION SYSTEM","A,S",○,-,-,○,0.0,-,0.0,-,7747000000.0,2019-08-26 00:00:00,0,-,CP-M4,,X,X,O
107,Direct,기자재비,보조기기,기계,M260,공기호흡장비,SELF CONTAINED BREATHING APPARATUS,S,○,-,-,○,0.0,-,193188050.00000003,2016-10-18 00:00:00,154000000.0,2021-02-16 00:00:00,0,-,CP-M4,,X,X,O
108,Direct,기자재비,보조기기,기계,M262,대체교류전원 대젤발전기,SEISMIC CATEGORY ⅠALTERNATE DIESEL GENERATOR,A,○,-,-,○,0.0,-,5487900000.0,2011-09-05 00:00:00,31636000000.0,2018-10-10 00:00:00,0,-,CP-M1,MISC,X,X,O
109,Direct,기자재비,보조기기,기계,M262B,이동형 디젤구동펌프,MOBILE DIESEL DRIVEN PUMP,S,○,-,-,○,0.0,-,0.0,-,1670000000.9,2020-05-07 00:00:00,0,-,CP-M1,MISC,X,X,O
110,Direct,기자재비,보조기기,기계,M263,비상디젤발전기,EMERGENCY DIESEL GENERATORS,"Q,A",○,-,-,○,57468400000.00001,2009-07-17 00:00:00,37228000000.0,2012-02-23 00:00:00,54373000000.0,2017-01-03 00:00:00,0,-,CP-M1,MISC,X,X,O
111,Direct,기자재비,보조기기,기계,M264,비안전등급 디젤발전기,NON-CLASS 1E DIESEL GENERATORS,S,○,-,-,○,0.0,-,0.0,-,2750000000.0,2016-05-31 00:00:00,0,-,CP-M1,MISC,X,X,O
112,Direct,기자재비,보조기기,기계,M265,원자로헤드 개폐용 스터드신장기,SINGLE-STUD TENSIONERS,S,○,-,-,○,0.0,-,0.0,-,2822483672.8,2018-05-18 00:00:00,0,-,CP-M1,MISC,O,X,O
113,Direct,기자재비,보조기기,기계,M266,이동형 가스터빈 발전기,"MOBILE GAS TURBINE GENERATOR (100kW, 10kW, 30kW)",S,○,-,-,○,7909000000.0,2019-05-03 00:00:00,0.0,-,0.0,-,0,-,CP-M1,MISC,O,X,O
114,Direct,기자재비,보조기기,기계,M273,유량제한기 및 벤츄리,FLOW RESTRICTION ELEMENTS & VENTURIES,"Q,A,S",○,-,-,○,0.0,-,0.0,-,2111214600.0000002,2017-01-03 00:00:00,2538431500,2024-06-04 00:00:00,CP-M1,MISC,O,X,O
115,Direct,기자재비,보조기기,기계,M280,-,NUCLEAR GRADE BLANKET TYPE INSULATION,A,-,-,○,○,0.0,-,0.0,-,0.0,-,0,-,X,X,O,X,O
116,Direct,기자재비,보조기기,기계,M281,-,COMMERCIAL GRADE INSULATION,S,-,-,○,○,0.0,-,0.0,-,0.0,-,0,-,X,X,O,X,O
117,Direct,기자재비,보조기기,기계,M290,-,FIELD ERECTED TANKS,"Q,A,S",-,-,○,○,0.0,-,0.0,-,0.0,-,0,-,CP-M6,X,O,X,O
118,Direct,기자재비,보조기기,기계,M284,-,NON-SAFETY-RELATED MANUAL DAMPERS AND DUCTWORK ACCESSORIES,"A,S",-,-,○,○,0.0,-,0.0,-,0.0,-,0,-,X,X,O,X,O
119,Direct,기자재비,보조기기,기계,N201,1차기기 냉각해수 및 스크린세척펌프,ESSENTIAL SERVICE WATER PUMPS & SCREEN WASH PUMPS,Q,○,-,-,○,0.0,-,0.0,-,0.0,-,11814000000,2024-09-10 00:00:00,CP-Y1,MAIN CONDENSER,O,X,O
120,Direct,기자재비,보조기기,기계,N201A,고유량 이동형펌프,MOBILE SERVICE WATER PUMP,S,○,-,-,○,0.0,-,0.0,-,5411000000.0,2023-08-16 00:00:00,0,-,CP-M1,MISC,O,X,O
121,Direct,기자재비,보조기기,기계,N202,안전등급 원심펌프,SAFETY-RELATED CENTRIFUGAL PUMPS,Q,○,-,-,○,0.0,-,0.0,-,0.0,-,8072000000,2024-05-28 00:00:00,CP-M1,MISC,O,PUMPS,O
122,Direct,기자재비,보조기기,기계,N203,격납건물 살수펌프,CONTAINMENT SPRAY PUMPS,Q,○,-,-,○,0.0,-,0.0,-,3685000000.0000005,2016-04-21 00:00:00,0,-,CP-M1,MISC,O,X,O
123,Direct,기자재비,보조기기,기계,N204,안전등급 열교환기,SAFETY-RELATED HEAT EXCHANGERS,Q,○,-,-,○,0.0,-,0.0,-,5545000000.0,2015-10-02 00:00:00,7307000000,2024-06-19 00:00:00,CP-M1,MISC,O,MECH,O
124,Direct,기자재비,보조기기,기계,N205,안전성 공장제작 압력용기 및 탱크,SAFETY-RELATED SHOP FABRICATED PRESSURE VESSELS & TANKS,Q,○,-,-,○,0.0,-,0.0,-,2479999992.8,2016-12-12 00:00:00,3251523999.9,2024-06-07 00:00:00,CP-M1,MISC,O,MECH,O
125,Direct,기자재비,보조기기,기계,N206,IRWST 집수조 스트레이너,IRWST SUMP STRAINERS,Q,○,-,-,○,6588752170.000001,2010-04-06 00:00:00,0.0,-,11300000000.0,2016-11-28 00:00:00,0,-,CP-M1,MISC,O,X,O
126,Direct,기자재비,보조기기,기계,N207,기체폐기물계통,GASEOUS RADWASTE SYSTEM,A,○,-,-,○,0.0,-,0.0,-,0.0,-,6223000000,2024-07-24 00:00:00,CP-M1,MISC,O,X,O
127,Direct,기자재비,보조기기,기계,N208,액체방사성폐기물계통,LIQUID RADWASTE SYSTEM (R/O PACKAGE),A,○,-,-,○,0.0,-,0.0,-,0.0,-,4752000000,2024-03-11 00:00:00,CP-M1,MISC,O,X,O
128,Direct,기자재비,보조기기,기계,N209,농축폐액처리설비,R/O CONCENTRATE TREATMENT SYSTEM,A,○,-,-,○,0.0,-,0.0,-,2985000000.4,2018-05-03 00:00:00,3974000000.3,2023-12-22 00:00:00,CP-M1,MISC,O,X,O
129,Direct,기자재비,보조기기,기계,N210,비안전성 등급 압력용기 및 탱크,NON-SAFETY-RELATED PRESSURE VESSELS & TANKS,"A,S",○,-,-,○,0.0,-,3503133315.0,2013-04-04 00:00:00,0.0,-,0,-,CP-M1,MISC,O,X,O
130,Direct,기자재비,보조기기,기계,N211,방사성 폐기물 필터,RADWASTE FILTERS,A,○,-,-,○,0.0,-,0.0,-,289300000.0,2015-12-07 00:00:00,426360000.00000006,2024-04-23 00:00:00,CP-M1,MISC,O,X,O
131,Direct,기자재비,보조기기,기계,N212,폴리머고화설비,POLYMER SOLIDIFICATION SYSTEM,"A,S",○,-,-,○,0.0,-,2214375600.0,2012-11-22 00:00:00,0.0,-,0,-,CP-M1,MISC,O,X,O
132,Direct,기자재비,보조기기,기계,N214,화학약품 및 이온교환수지,CHEMICAL AND RESINS,S,○,-,-,○,0.0,-,0.0,-,0.0,-,0,-,X,X,O,X,O
133,Direct,기자재비,보조기기,기계,N215,원자로건물 살수노즐,CONTAINMENT SPRAY NOZZLES,Q,○,-,-,○,0.0,-,0.0,-,1270935600.0,2017-02-28 00:00:00,1407846000,2024-11-19 00:00:00,CP-M1,MISC,O,X,O
134,Direct,기자재비,보조기기,기계,N216,보건물리장비,HEALTH PHYSICS EQUIPMENT,S,○,-,-,○,0.0,-,0.0,-,0.0,-,0,-,X,X,O,X,O
135,Direct,기자재비,보조기기,기계,N217,필터취급장비 및 고체폐기물 압축기,FILTER HANDLING EQUIPMENT & SOLID WASTE COMPACTOR,"A,S",○,-,-,○,0.0,-,0.0,-,968000000.0000001,2016-01-18 00:00:00,2063930000.0000002,2024-06-04 00:00:00,CP-M1,MISC,O,X,O
136,Direct,기자재비,보조기기,기계,N221,제염장비,DECONTAMINATION EQUIPMENT,S,○,-,-,○,0.0,-,0.0,-,1038000000.4000001,2021-03-11 00:00:00,0,-,CP-M1,MISC,O,X,O
137,Direct,기자재비,보조기기,기계,N222,보조충전펌프 흡입안정기 및 맥동압력완충기,POSITIVE DISPLACEMENT PUMP SUCTION STABILIZER & PULSATION DAMPNERS,"Q,A",○,-,-,○,0.0,-,0.0,-,1082000000.4,2017-04-20 00:00:00,1544400000.0000002,2024-03-07 00:00:00,CP-M1,MISC,O,X,O
138,Direct,기자재비,보조기기,기계,N223,기기냉각해수 이물질여과기,ESSENTIAL SERVICE WATER DEBRIS FILTERS,"Q,A",○,-,-,○,0.0,-,0.0,-,2123000000.0000002,2016-03-19 00:00:00," ₩                                                       2,123,000,000 ",2016-03-19 00:00:00,CP-M1,MISC,O,X,O
139,Direct,기자재비,보조기기,기계,N224,신연료 및 사용후핵연료 저장대,NEW & SPENT FUEL STORAGE RACKS,"Q,S ",○,-,-,○,0.0,-,8180267429.0,2011-05-04 00:00:00,19107000000.0,2018-02-28 00:00:00,32134000000,2024-08-09 00:00:00,CP-M1,MISC,O,X,O
140,Direct,기자재비,보조기기,기계,N227,연료검사장비,FUEL INSPECTION EQUIPMENT,A,○,-,-,○,0.0,-,598000000.4000001,2015-03-11 00:00:00,198880264.00000003,2019-06-05 00:00:00,0,-,CP-M1,MISC,O,X,O
141,Direct,기자재비,보조기기,기계,N228,수소점화기,HYDROGEN IGNITERS,A,○,-,-,○,0.0,-,0.0,-,434830000.00000006,2016-06-23 00:00:00,0,-,CP-M1,MISC,O,X,O
142,Direct,기자재비,보조기기,기계,N229,피동형 자동촉메 재결합기,PASSIVE AUTOCATALYTIC RECOMBINERS,"Q,A,S",○,-,-,○,0.0,-,0.0,-,1368400000.0,2016-01-12 00:00:00,0,-,CP-M1,MISC,O,X,O
143,Direct,기자재비,보조기기,기계,N231,안전감압 및 배기계통 스파저,SAFETY DEPRESSURIZATION & VENT SYSTEM SPARGERS,Q,○,-,-,○,0.0,-,0.0,-,3465013200.0000005,2018-07-12 00:00:00,0,-,CP-M1,REACTOR/BOILER,O,MECH,O
144,Direct,기자재비,보조기기,배관,P202A,안전등급 공장제작배관,SAFETY RELATED SHOP FABRICATED PIPING,Q,○,-,-,○ ,33885500000.000004,2008-11-07 00:00:00,30458539430.0,2011-07-26 00:00:00,31476000000.0,2016-03-31 00:00:00,0,-,CP-P1,REACTOR/BOILER,O,PIPING,O
145,Direct,기자재비,보조기기,배관,P202B,"공장제작배관 14"" 이상","SHOP FABRICATED POWER PIPING, 14"" AND LARGER ",A,○,-,-,○,22876700000.0,2008-11-18 00:00:00,19129122804.0,2011-08-25 00:00:00,16489000000.0,2016-02-16 00:00:00,0,-,CP-P1,T/G,O,X,O
146,Direct,기자재비,보조기기,배관,P202C,"공장제작배관 12"" 이하","SHOP FABRICATED POWER PIPING, 12"" AND SMALLER",A,○,-,-,○ ,15193200000.000002,2008-11-20 00:00:00,7634000000.0,2011-07-06 00:00:00,8795000000.0,2016-03-31 00:00:00,9238000000,2024-06-05 00:00:00,CP-P1,T/G,O,X,O
147,Direct,기자재비,보조기기,배관,P202D,공장제작 벤딩배관,SHOP FABRICATED POWER BENDING PIPING,A,○,-,-,○,0.0,-,6347000000.0,2011-08-26 00:00:00,4619762510.0,2016-06-22 00:00:00,5499000000,2024-06-05 00:00:00,CP-P1,T/G,O,X,O
148,Direct,기자재비,보조기기,배관,P202E,"공장제작배관 12"" 이하","SHOP FABRICATED POWER PIPING, 12"" AND SMALLER (신한울 1,2 성일에스아이엠 )",-,-,-,-,-,0.0,-,7740000000.0,2014-06-18 00:00:00,0.0,-,0,-,CP-P1,T/G,O,X,O
149,Direct,기자재비,보조기기,배관,P204,안전등급 대구경 주강수동밸브,"SAFETY-RELATED MANUAL STEEL GATE, GLOBE, AND CHECK VALVES, 2 - 1/2"" & LARGER",Q,○,-,-,○ ,0.0,-,0.0,-,7425000000.0,2017-06-14 00:00:00,0,-,CP-M5,REACTOR/BOILER,O,VALVES,O
150,Direct,기자재비,보조기기,배관,P206A,"안전성 동력구동 게이트, 글로브 밸브",SAFETY-RELATED STEEL GATE & GLOBE VALVES WITH ACTUATOR,Q ,○,-,-,○,0.0,-,8159000000.0,2012-11-26 00:00:00,14536000000.0,2016-04-29 00:00:00,0,-,CP-M5,REACTOR/BOILER,O,VALVES,O
151,Direct,기자재비,보조기기,배관,P206B,동력구동 게이트 및 글로브밸브,STEEL GATE & GLOBE VALVES WITH ACTUATOR,A,○,-,-,○,0.0,-,0.0,-,5753000000.0,2016-12-09 00:00:00,0,-,CP-M5,MISC,O,X,O
152,Direct,기자재비,보조기기,배관,P206C,안전등급 제어체크밸브,SAFETY-RELATED CONTROLLED CLOSURE CHECK VALVES,Q,○,-,-,○,0.0,-,0.0,-,3250500000.0000005,2016-11-30 00:00:00,4961000000,2024-11-19 00:00:00,CP-M5,REACTOR/BOILER,O,VALVES,O
153,Direct,기자재비,보조기기,배관,P206D,틸팅디스크 체크밸브,TILTING DISC CHECK VALVES,"Q,A",○,-,-,○,0.0,-,0.0,-,3443000000.0000005,2016-12-27 00:00:00,5374000000,2024-07-01 00:00:00,CP-M5,MISC,O,X,O
154,Direct,기자재비,보조기기,배관,P207,"소구경 단조수동 게이트, 글로브, 체크밸브","MANUAL STEEL GATE, GLOBE AND CHECK VALVES, 2"" AND SMALLER","Q,A",○,-,-,○,0.0,-,0.0,-,7085000000.0,2016-06-17 00:00:00,0,-,CP-M5,MISC,O,X,O
155,Direct,기자재비,보조기기,배관,P208,다이아프램 밸브,DIAPHRAGM VALVES,"Q,A",○,-,-,○,0.0,-,0.0,-,1735479900.0000002,2016-04-29 00:00:00,2162767200,2024-07-01 00:00:00,CP-M5,MISC,O,X,O
156,Direct,기자재비,보조기기,배관,P209,수동주강 밸브,"MANUAL STEEL GATE, GLOBE AND CHECK VALVES, 2 - 1/2"" AND LARGER",A,○,-,-,○,0.0,-,6103900000.000001,2010-04-14 00:00:00,8622000000.0,2016-04-11 00:00:00,16264000000,2024-07-03 00:00:00,CP-M5,MISC,O,X,O
157,Direct,기자재비,보조기기,배관,P214,플러그밸브,STEEL PLUG VALVES,A,○,-,-,○,0.0,-,0.0,-,2562098000.0,2016-08-17 00:00:00,0,-,CP-M5,MISC,O,X,O
158,Direct,기자재비,보조기기,배관,P216,스트레이너,STRAINERS,"Q,A,S",○,-,-,○,0.0,-,836872608.0,2012-08-13 00:00:00,0.0,-,0,-,CP-P1,MISC,O,X,O
159,Direct,기자재비,보조기기,배관,P217,증기 및 배수트랩,STEAM TRAPS AND DRAIN TRAPS,"A,S",○,-,-,○,0.0,-,0.0,-,495206800.00000006,2017-03-31 00:00:00,0,-,CP-P1,MISC,O,X,O
160,Direct,기자재비,보조기기,배관,P218,밸브 원격조작장치,VALVE EXTENSION RODS,A,○,-,-,○,0.0,-,0.0,-,984500000.0000001,2019-05-10 00:00:00,0,-,CP-P1,MISC,O,X,O
161,Direct,기자재비,보조기기,배관,P220,금속신축이음관 및 호스,METALLIC EXPANSION JOINTS & FLEXIBLE METAL HOSES,"A,S",○,-,-,○,0.0,-,663566812.0,2011-02-15 00:00:00,0.0,-,0,-,CP-P1,MISC,O,X,O
162,Direct,기자재비,보조기기,배관,P222,급수펌프 터빈 배기턱트,F.W. PUMP TURBINE EXHAUST DUCTS,S,○,-,-,○,0.0,-,0.0,-,2014980000.0000002,2016-06-15 00:00:00,0,-,CP-P1,MISC,O,X,O
163,Direct,기자재비,보조기기,배관,P223,격납건물 배관관통부,CONTAINMENT PIPING PENETRATIONS,"Q,A",○,-,-,○,0.0,-,0.0,-,2728002200.0,2017-05-26 00:00:00,5823620000,2024-11-22 00:00:00,CP-P1,MISC,O,X,O
163,Direct,기자재비,보조기기,배관,P223,격납건물 배관관통부,CONTAINMENT PIPING PENETRATIONS,"Q,A",○,-,-,○,0.0,-,0.0,-,2728002200.0,2017-05-26 00:00:00,5823620000,2024-11-22 00:00:00,CP-P1,MISC,O,X,O
164,Direct,기자재비,보조기기,배관,P251,-,"SAFETY RELATED FIELD FABRICATED PIPES, PIPE FITTINGS, AND FLANGES",Q,-,-,○,○,0.0,-,0.0,-,0.0,-,0,-,X,X,O,PIPING,O
165,Direct,기자재비,보조기기,배관,P252,-,"NON-SAFETY RELATED FIELD FABRICATED PIPES, PIPE FITTINGS, AND FLANGES","A,S",-,-,○,○,0.0,-,0.0,-,0.0,-,0,-,X,X,O,X,O
166,Direct,기자재비,보조기기,배관,P260,-,SAFETY-RELATED WELDING MATERIALS,Q,-,-,○,○,0.0,-,0.0,-,0.0,-,0,-,X,X,O,MECH,O
167,Direct,기자재비,보조기기,배관,P263,-,FIELD FABRICATED PIPE SUPPORT MATERIALS,"Q,A,S",-,-,○,○,0.0,-,0.0,-,0.0,-,0,-,X,X,O,X,O
168,Direct,기자재비,보조기기,배관,P264,-,NON-METALLIC EXPANSION JOINTS,S,-,-,○,○,0.0,-,0.0,-,0.0,-,0,-,X,X,O,X,O
169,Direct,기자재비,보조기기,배관,P265,-,TEMPORARY STRAINERS FOR STARTUP,S,-,-,○,○,0.0,-,0.0,-,0.0,-,0,-,X,X,O,X,O
170,Direct,기자재비,보조기기,전기 및 환경,E201,전력용변압기,POWER TRANSFORMERS,"A,S ",○,○ ,-,-,73150000000.0,2009-09-11 00:00:00,69300000000.0,2011-07-01 00:00:00,64166000000.0,2017-11-29 00:00:00,99642400000.00002,2024-10-28 00:00:00,CP-E1,ELECTRIC,O,X,O
171,Direct,기자재비,보조기기,전기 및 환경,E204,배전용변압기,DISTRIBUTION TRANSFORMERS,"A,S",○,-,-,○,0.0,-,0.0,-,832592999.7,2016-01-15 00:00:00,2018500000.0000002,2024-06-03 00:00:00,CP-E1,ELECTRIC,O,X,O
172,Direct,기자재비,보조기기,전기 및 환경,E207,고압차단기반,MEDIUM VOLTAGE METAL-CLAD SWITCHGEARS,"Q,A,S",○,-,-,○,0.0,-,8635000000.0,2010-08-17 00:00:00,23727000000.0,2016-12-22 00:00:00,0,-,CP-E1,ELECTRIC,O,X,O
173,Direct,기자재비,보조기기,전기 및 환경,E208,480V 저압차단기반,480V LOAD CENTERS ,"Q,A,S",○,-,-,○,11027500000.0,2008-04-04 00:00:00,7535000000.000001,2010-12-27 00:00:00,14916000000.0,2016-06-17 00:00:00,0,-,CP-E1,ELECTRIC,O,X,O
174,Direct,기자재비,보조기기,전기 및 환경,E209,480V 전동기제어반,480V MOTOR CONTROL CENTERS,"Q,A,S",○,-,-,○,0.0,-,5324000000.0,2011-03-08 00:00:00,15684000000.0,2016-07-29 00:00:00,0,-,CP-E1,ELECTRIC,O,X,O
175,Direct,기자재비,보조기기,전기 및 환경,E210,상분리모선,ISOLATED PHASE BUS DUCTS,A,○,-,-,○,0.0,-,7018000000.000001,2010-10-25 00:00:00,8360000000.0,2016-12-29 00:00:00,0,-,CP-E1,ELECTRIC,O,X,O
176,Direct,기자재비,보조기기,전기 및 환경,E211,발전기 차단기,GENERATOR CIRCUIT BREAKERS,A,○,-,-,○,8476600000.000001,2009-04-29 00:00:00,8137841897.0,2011-06-03 00:00:00,5074000000.0,2016-09-08 00:00:00,0,-,CP-E1,ELECTRIC,O,X,O
177,Direct,기자재비,보조기기,전기 및 환경,E212,축전지 및 가대,BATTERIES WITH RACKS,"Q,A,S ",○,-,-,○,0.0,-,0.0,-,5331000000.0,2016-02-29 00:00:00,0,-,CP-E1,ELECTRIC,O,X,O
178,Direct,기자재비,보조기기,전기 및 환경,E214,안전등급 충전기 및 전압조절용 변압기,CLASS 1E BATTERY CHARGERS & REGULATING TRANSFORMERS,Q,○,-,-,○,0.0,-,0.0,-,0.0,-,5244000000,2024-05-14 00:00:00,CP-E1,ELECTRIC,O,X,O
179,Direct,기자재비,보조기기,전기 및 환경,E215,비안전등급 충전기 및 전압조절용 변압기,NON-CLASS 1E BATTERY CHARGERS & REGULATING TRANSFORMERS,"A,S",○,-,-,○,0.0,-,0.0,-,0.0,-,4554748000,2024-07-03 00:00:00,CP-E1,ELECTRIC,O,X,O
180,Direct,기자재비,보조기기,전기 및 환경,E216,직류전동기제어반,DC MOTOR CONTROL CENTERS,"Q,A,S",○,-,-,○,0.0,-,0.0,-,11022000000.0,2017-11-29 00:00:00,0,-,CP-E1,ELECTRIC,O,X,O
181,Direct,기자재비,보조기기,전기 및 환경,E218A,800kV 가스절연모선,800KV GIB INSULATED BUS,"A,S",○,○,-,-,0.0,-,133650000000.0,2011-06-10 00:00:00,46824000000.0,2017-04-17 00:00:00,0,-,CP-E1,ELECTRIC,O,X,O
182,Direct,기자재비,보조기기,전기 및 환경,E218B,362kV 가스절연개폐장치,362KV GAS INSULATED SUBSTATION,"A,S",○,○,-,-,0.0,-,9130000000.0,2011-08-24 00:00:00,0.0,-,0,-,CP-E1,ELECTRIC,O,X,O
182,Direct,기자재비,보조기기,전기 및 환경,E218C,170kV 가스절연개폐장치,170KV GAS INSULATED SUBSTATION,,,,,,0.0,,0.0,,3971000000.0000005,2018-02-28 00:00:00,,,CP-E1,ELECTRIC,O,X,O
183,Direct,기자재비,보조기기,전기 및 환경,E218,-,SWITCHYARD CONTROL & MONITERING SYSTEM,A,○,-,-,○,0.0,-,0.0,-,0.0,-,0,-,X,X,O,X,O
184,Direct,기자재비,보조기기,전기 및 환경,E223,스위치야드 보호반,SWITCHYARD PROTECTION PANELS ,A,○,-,-,○,0.0,-,0.0,-,368500000.0,2018-01-22 00:00:00,0,-,CP-E1,ELECTRIC,O,X,O
185,Direct,기자재비,보조기기,전기 및 환경,E225,345kV CV Cable,345KV CV CABLE,"A,S",○,○,-,-,0.0,-,11900000000.0,2012-04-20 00:00:00,0.0,-,0,-,CP-E2,ELECTRIC,O,X,O
185,Direct,기자재비,보조기기,전기 및 환경,E225A,154kV CV Cable,154KV CV CABLE,,,,,,0.0,-,0.0,-,4290000000.0000005,2015-12-23 00:00:00,,,CP-E2,ELECTRIC,O,X,O
186,Direct,기자재비,보조기기,전기 및 환경,E226,급전자동화 단말장치,EMERGY MANAGEMENT SYSTEM LOCAL PANELS,S,○,-,-,○ ,0.0,-,0.0,-,0.0,-,0,-,X,X,O,X,O
187,Direct,기자재비,보조기기,전기 및 환경,E230,전기관통부집합체,ELECTRICAL PENETRATION ASSEMBLIES,"Q,A",○,-,-,○,0.0,-,13605900000.000002,2010-12-28 00:00:00,12731000000.0,2015-12-31 00:00:00,24205000000,2023-12-21 00:00:00,CP-E1,ELECTRIC,O,X,O
188,Direct,기자재비,보조기기,전기 및 환경,E231,제어 및 계전기반,ELECTRICAL CONTROL & RELAY PANELS ,"A,S",○,-,-,○,0.0,-,0.0,-,3512366000.0000005,2016-11-09 00:00:00,0,-,CP-E1,ELECTRIC,O,X,O
189,Direct,기자재비,보조기기,전기 및 환경,E233,분전반 및 축전지 부하저항기,ELECTRICAL DISTRIBUTION PANELS AND BATTERY LOAD BANK,"A,S",○,-,-,○,0.0,-,0.0,-,2090000000.0000002,2016-02-02 00:00:00,3364900000.0000005,2024-09-05 00:00:00,CP-E1,ELECTRIC,O,X,O
190,Direct,기자재비,보조기기,전기 및 환경,E234,스위치야드 고장기록계,SWITCHYARD FAULT RECORDER,S,○,-,-,○,0.0,-,0.0,-,73700000.0,2018-10-25 00:00:00,0,-,CP-E1,ELECTRIC,O,X,O
191,Direct,기자재비,보조기기,전기 및 환경,E236,전기보수장비,ELECTRICAL MAINTENANCE EQUIPMENT,S,○,-,-,○,0.0,-,0.0,-,1232000000.0,2017-06-15 00:00:00,0,-,CP-E1,ELECTRIC,O,X,O
192,Direct,기자재비,보조기기,전기 및 환경,E239,전기보온자재,HEAT TRACING CABLES AND PANELS,"A,S",○,-,-,○ ,0.0,-,0.0,-,3025000000.0000005,2017-01-10 00:00:00,0,-,CP-E1,ELECTRIC,O,X,O
193,Direct,기자재비,보조기기,전기 및 환경,E240,전기도체 밀봉집합체,ELECTRICAL CONDUCTOR SEALING ASSEMBLES,Q,○,-,-,○,0.0,-,0.0,-,0.0,-,0,-,X,X,O,X,O
194,Direct,기자재비,보조기기,전기 및 환경,E241,"안전등급 전력, 제어 및 계장용 케이블","CLASS 1E POWER, CONTROL AND INSTRUMENTATION CABLES",Q,○,-,-,○,14468300000.000002,2014-01-15 00:00:00,0.0,-,14366000000.000002,2019-09-27 00:00:00,20678000000,2024-07-08 00:00:00,CP-E2,ELECTRIC,O,CABLES,O
195,Direct,기자재비,보조기기,전기 및 환경,E242,비안전등급 전력 및 조명케이블,NON-CLASS 1E POWER & LIGHTING CABLES ,"A,S",○,-,-,○,0.0,-,19689848860.0,2011-06-13 00:00:00,20590000000.0,2019-07-15 00:00:00,0,-,CP-E2,ELECTRIC,X,X,O
196,Direct,기자재비,보조기기,전기 및 환경,E243,비안전등급 제어 및 계장용 케이블,NON-CLASS 1E CONTROL & INSTRUMENTATION CABLES (JS 전선 불량납품분),A,○,-,-,○,0.0,-,6703000000.0,2014-12-17 00:00:00,6609000000.0,2019-07-10 00:00:00,0,-,CP-E2,ELECTRIC,O,X,O
197,Direct,기자재비,보조기기,전기 및 환경,E243,비안전등급 제어 및 계장용 케이블,NON-CLASS 1E CONTROL & INSTRUMENTATION CABLES ,A,○,-,-,○,0.0,-,7703701610.0,2011-03-03 00:00:00,0.0,-,0,-,CP-E2,ELECTRIC,O,X,O
198,Direct,기자재비,보조기기,전기 및 환경,E244A,통신용 케이블 A,COMMUNICATION CABLES A,S,○,-,-,○,0.0,-,0.0,-,3590400000.0000005,2019-11-18 00:00:00,0,-,CP-E2,ELECTRIC,X,X,O
199,Direct,기자재비,보조기기,전기 및 환경,E244B,통신용 케이블 B,COMMUNICATION CABLES B,S,○,-,-,○,0.0,-,1073105990.0000001,2015-04-21 00:00:00,1219782740.0,2020-05-07 00:00:00,0,-,CP-E2,ELECTRIC,X,X,O
200,Direct,기자재비,보조기기,전기 및 환경,E244C,통신용 케이블 C,COMMUNICATION CABLES C,S,○,-,-,○,0.0,-,0.0,-,0.0,-,0,-,X,X,O,X,O
201,Direct,기자재비,보조기기,전기 및 환경,E245,접지케이블,GROUNDING CABLES ,S,○,-,-,○,0.0,-,0.0,-,1152868200.0,2016-08-29 00:00:00,5720000000,2023-11-16 00:00:00,CP-E1,ELECTRIC,O,X,O
202,Direct,기자재비,보조기기,전기 및 환경,E246,전기방식설비,CATHODIC PROTECTION  EQUIPMENT,"A,S",○,-,-,○,0.0,-,6154500000.000001,2010-07-29 00:00:00,0.0,-,1991901000.1000001,2023-09-18 00:00:00,CP-E1,ELECTRIC,O,X,O
203,Direct,기자재비,보조기기,전기 및 환경,E247,특수케이블,SPECIAL CABLES ,"Q,A",○,-,-,○,0.0,-,0.0,-,0.0,-,0,-,X,X,O,X,O
204,Direct,기자재비,보조기기,전기 및 환경,E248,조립케이블,PREFABRICATED CABLE ASSEMBLIES,"Q,A",○,-,-,○,0.0,-,0.0,-,3833478000.0000005,2017-04-28 00:00:00,0,-,CP-E2,ELECTRIC,O,X,O
205,Direct,기자재비,보조기기,전기 및 환경,E249,-,SWITCHYARD OVERHEAD CONDUCTOR,S,-,-,○,○,0.0,-,0.0,-,0.0,-,0,-,X,X,O,X,O
206,Direct,기자재비,보조기기,전기 및 환경,E250,케이블트레이 및 부속류,CABLE TRAYS & FITTINGS,S,○,-,-,○ ,0.0,-,0.0,-,3184500000.0000005,2016-08-19 00:00:00,5548000000,2024-05-24 00:00:00,CP-E1,ELECTRIC,O,X,O
207,Direct,기자재비,보조기기,전기 및 환경,E251,중앙경보 및 출입통제설비,CENTRAL ALARM STATION & ACCESS CONTROL SYSTEM,S,○,-,-,○,0.0,-,0.0,-,4341150000.0,2017-12-01 00:00:00,0,-,CP-E5,ELECTRIC,X,X,O
208,Direct,기자재비,보조기기,전기 및 환경,E252,울타리 침투 감지 및 감시설비,SECURITY CCTV SYSTEM & PERIMETER DETECTOR SYSTEM,S,○,-,-,○,0.0,-,0.0,-,4509467411.900001,2018-07-19 00:00:00,0,-,CP-E5,ELECTRIC,X,X,O
209,Direct,기자재비,보조기기,전기 및 환경,E253,탐색설비,X-RAY & METAL DETECTOR SYSTEM,S,○,-,-,○,0.0,-,0.0,-,530000000.20000005,2017-01-05 00:00:00,0,-,CP-E5,ELECTRIC,X,X,O
210,Direct,기자재비,보조기기,전기 및 환경,E254,보안설비용 전원설비,POWER SUPPLY SYSTEM FOR SECURITY SYSTEM,S,○,-,-,○,0.0,-,0.0,-,852500000.0000001,2017-06-28 00:00:00,0,-,CP-E5,ELECTRIC,X,X,O
211,Direct,기자재비,보조기기,전기 및 환경,E257A,운전용 교환설비,PRIVATE AUTOMATIC BRANCH EXCHANGE,S,○,-,-,○,0.0,-,0.0,-,322080000.0,2017-06-30 00:00:00,0,-,CP-E5,ELECTRIC,X,X,O
212,Direct,기자재비,보조기기,전기 및 환경,E257B,시각동기화 및 사운드파워설비,TIME SYNCHRONIZING & SOUND POWER SYSTEM,S,○,-,-,○,0.0,-,0.0,-,283922100.0,2016-12-12 00:00:00,0,-,CP-E5,ELECTRIC,X,X,O
213,Direct,기자재비,보조기기,전기 및 환경,E257C,페이지폰설비,PAGING PHONE SYSTEM,A,○,-,-,○,0.0,-,0.0,-,2099051900.0000002,2017-03-24 00:00:00,0,-,CP-E5,ELECTRIC,X,X,O
214,Direct,기자재비,보조기기,전기 및 환경,E257D,무선통신시스템,WIRELESS COMMUNICATION  SYSTEM,"A,S",○,-,-,○,0.0,-,0.0,-,19026999999.7,2023-05-22 00:00:00,0,-,CP-E5,ELECTRIC,X,X,O
215,Direct,기자재비,보조기기,전기 및 환경,E257E,비상방재 및 구내 방송설비,EVACUATION ALARM AND PUBLIC ADDRESS SYSTEM,S,○,-,-,○,0.0,-,0.0,-,576457310.0,2016-09-27 00:00:00,0,-,CP-E5,ELECTRIC,X,X,O
216,Direct,기자재비,보조기기,전기 및 환경,E260,-,"SPECIAL RACEWAY MATERIALS, FITTINGS & RECEPTACLES WITH PLUGS ","A,S",-,-,○,○,0.0,-,0.0,-,0.0,-,0,-,X,X,O,X,O
217,Direct,기자재비,보조기기,전기 및 환경,E261,-,RIGID STEEL CONDUITS,S,-,-,○,○,0.0,-,0.0,-,0.0,-,0,-,X,X,O,X,O
218,Direct,기자재비,보조기기,전기 및 환경,E262,-,FIRE RETARDANT BOARDS AND BLANKETS ,Q,-,-,○,○,0.0,-,0.0,-,0.0,-,0,-,X,X,O,X,O
219,Direct,기자재비,보조기기,전기 및 환경,E264,-,CABLE AND WIRE MARKERS,S,-,-,○,○,0.0,-,0.0,-,0.0,-,0,-,X,X,O,X,O
220,Direct,기자재비,보조기기,전기 및 환경,E265,-,RACEWAY MARKERS AND ACCESSORIES ,S,-,-,○,○,0.0,-,0.0,-,0.0,-,0,-,X,X,O,X,O
221,Direct,기자재비,보조기기,전기 및 환경,E266,-,HEAT SHRINKABLE TERMINATING MATERIALS ,"Q,S",-,-,○,○,0.0,-,0.0,-,0.0,-,0,-,X,X,O,X,O
222,Direct,기자재비,보조기기,전기 및 환경,E267,-,SPECIAL TERMINATING TOOLS,S,-,-,○,○,0.0,-,0.0,-,0.0,-,0,-,X,X,O,X,O
223,Direct,기자재비,보조기기,전기 및 환경,E268,-,CABLE TIES,S,-,-,○,○,0.0,-,0.0,-,0.0,-,0,-,X,X,O,X,O
224,Direct,기자재비,보조기기,전기 및 환경,E269,-,"PVC CONDUITS, FITTINGS, AND MISC. ",S,-,-,○,○,0.0,-,0.0,-,0.0,-,0,-,X,X,O,X,O
225,Direct,기자재비,보조기기,전기 및 환경,E270,-,"CONDUIT FITTINGS, FLEXIBLE CONDUITS AND MISCELLANEOUS EQUIPMENT","Q,A,S",-,-,○,○,0.0,-,0.0,-,0.0,-,0,-,X,X,O,X,O
226,Direct,기자재비,보조기기,전기 및 환경,E271,-,RACEWAY AND ELECTRICAL EQUIPMENT SUPPORTING MATERIALS,"Q,A,S ",-,-,○,○,0.0,-,0.0,-,0.0,-,0,-,X,X,O,X,O
227,Direct,기자재비,보조기기,전기 및 환경,E272A,"나트륨,할로겐 및 세라믹메탈할라이드 등기구","SODIUM, HALOGEN AND CERAMIC METAL HALIDE LIGHTING FIXTURES","A,S",○,-,-,○,0.0,-,0.0,-,1400000074.0,2019-05-31 00:00:00,0,-,CP-E5,ELECTRIC,X,X,O
228,Direct,기자재비,보조기기,전기 및 환경,E272C,,"OBSTRUCTION MARKER LIGHTS, EXIT LIGHT, ROADWAY & SECURITY LIGHTING POLES WITH FIXTURES AND LAMPS","A,S",-,-,○,○,0.0,-,0.0,-,,,0,-,X,X,O,X,O
229,Direct,기자재비,보조기기,전기 및 환경,E272D,저방사선지역 LED램프 및 등기구,LED LAMPS AND FIXTURES FOR LOW RADIATION AREA ,"A,S",○,-,-,○,0.0,-,0.0,-,2072291710.5000002,2019-02-26 00:00:00,0,-,CP-E5,ELECTRIC,X,X,O
230,Direct,기자재비,보조기기,전기 및 환경,E272E,고방사선지역 LED램프 및 등기구,LED LAMPS AND FIXTURES FOR HIGH RADIATION AREA ,"A,S",○,-,-,○,0.0,-,0.0,-,268693539.40000004,2019-02-26 00:00:00,0,-,CP-E5,ELECTRIC,X,X,O
231,Direct,기자재비,보조기기,전기 및 환경,E273,,LIGHTNING PROTECTION,S,-,-,○,○,0.0,-,0.0,-,,,0,-,X,X,O,X,O
232,Direct,기자재비,보조기기,전기 및 환경,E274,,GENERAL CABLE TERMINATING MATERIALS ,"Q,S",-,-,○,○,0.0,-,0.0,-,,,0,-,X,X,O,X,O
233,Direct,기자재비,보조기기,전기 및 환경,E275,,GROUNDING FITTINGS,S,-,-,○,○,0.0,-,0.0,-,,,0,-,X,X,O,X,O
234,Direct,기자재비,보조기기,전기 및 환경,E276,,INSULATION TAPE ,S,-,-,○,○,0.0,-,0.0,-,,,0,-,X,X,O,X,O
235,Direct,기자재비,보조기기,전기 및 환경,E277,비상등 및 수중등기구,EMERGENCY & UNDERWATER LIGHTING FIXTURES,"A,S",○,-,-,○,0.0,-,0.0,-,1445948900.0,2019-05-07 00:00:00,0,-,CP-E5,ELECTRIC,X,X,O
236,Direct,기자재비,보조기기,전기 및 환경,E278,,SWITCHYARD CONNECTORS,A,-,-,○,○,0.0,-,0.0,-,,,0,-,X,X,O,X,O
237,Direct,기자재비,보조기기,전기 및 환경,E279,345/161kV 강압용변압기,"(신고리 5,6만) SWITCHYARD CONNECTORS",-,-,-,-,-,0.0,-,0.0,-,11882310000.000002,2023-09-26 00:00:00,0,-,CP-E1,ELECTRIC,O,X,O
238,Direct,기자재비,보조기기,계측제어,H285,폐수처리설비,WASTE WATER TREATMENT SYSTEM,S,○,-,-,○,15620000000.000002,2008-11-06 00:00:00,0.0,-,12887000000.0,2018-07-16 00:00:00,0,-,CP-E4,MISC,X,X,O
239,Direct,기자재비,보조기기,계측제어,J201,수소감시설비,HYDROGEN MONITORING SYSTEM & COMBUSTIBLE GAS MONITORS,"Q,A,S",○,-,-,○,0.0,-,0.0,-,0.0,-,3458433000.0000005,2025-01-13 00:00:00,CP-E4,MISC,X,X,O
240,Direct,기자재비,보조기기,계측제어,J202,방사선감시설비,RADIATION MONITORING SYSTEM,"Q,A,S",○,-,-,○,0.0,-,5335000000.0,2011-06-02 00:00:00,0.0,-,0,-,CP-E4,MISC,X,X,O
241,Direct,기자재비,보조기기,계측제어,J203,지진감시설비,SEISMIC MONITORING SYSTEM,A,○,-,-,○,0.0,-,0.0,-,0.0,-,0,-,CP-E4,X,X,X,O
242,Direct,기자재비,보조기기,계측제어,J204,시료채취 설비,SAMPLING SYSTEM,"A,S",○,-,-,○,0.0,-,0.0,-,7546000000.0,2016-07-29 00:00:00,0,-,CP-E4,MISC,X,X,O
243,Direct,기자재비,보조기기,계측제어,J205,운전용 CCTV 시스템,CCTV SYSTEM FOR PLANT OPERATION,"A,S",○,-,-,○,0.0,-,3616303539.0,2011-08-26 00:00:00,0.0,-,0,-,CP-E4,MISC,X,X,O
244,Direct,기자재비,보조기기,계측제어,J206,진동감시설비,VIBRATION MONITORING SYSTEM,"A,S",○,-,-,○,0.0,-,0.0,-,478317840.00000006,2016-04-20 00:00:00,0,-,CP-E4,MISC,X,X,O
245,Direct,기자재비,보조기기,계측제어,J207,밸브누설감시설비,VALVE LEAK MONITORING SYSTEM,"A,S",○,-,-,○,0.0,-,0.0,-,935000000.0000001,2016-06-23 00:00:00,0,-,CP-E4,MISC,O,X,O
246,Direct,기자재비,보조기기,계측제어,J209,공기조화설비 제어반,HVAC CONTROL PANELS ,"A,S",○,-,-,○,0.0,-,946894000.0,2011-01-13 00:00:00,0.0,-,0,-,CP-E4,MISC,X,X,O
247,Direct,기자재비,보조기기,계측제어,J210,보조기기 및 현장제어반,AUX/LOCAL CONTROL PANELS ,"Q,A,S",○,-,-,○,0.0,-,0.0,-,1815913000.0000002,2017-05-29 00:00:00,0,-,CP-E4,MISC,O,X,O
248,Direct,기자재비,보조기기,계측제어,J216,초음파 수위 측정 설비,ULTRASONIC LEVEL MEASUREMENT SYSTEM,"A,S",○,-,-,○,0.0,-,0.0,-,0.0,-,0,-,CP-E4,X,O,X,O
249,Direct,기자재비,보조기기,계측제어,J217A,공기식 제어기 및 레벨스위치,PNEUMATIC CONTROLLERS & LEVEL SWITCHES,"A,S",○,-,-,○,0.0,-,0.0,-,1241273880.0,2018-02-23 00:00:00,0,-,CP-E4,MISC,O,X,O
250,Direct,기자재비,보조기기,계측제어,J217C,초음파식 레벨스위치 및 전송기,ULTRASONIC TYPE LEVEL SWITCHES & TRANSMITTERS,"Q,A,S",○,-,-,○,0.0,-,0.0,-,1596608200.0000002,2017-04-28 00:00:00,0,-,CP-E4,MISC,O,X,O
251,Direct,기자재비,보조기기,계측제어,J218,액위측정계기 및 오리피스,LEVEL GAUGE GLASSES & FLOW MEASURING ORIFICE PLATES,"A,S",○,-,-,○,0.0,-,0.0,-,221789700.00000003,2016-02-18 00:00:00,0,-,CP-E4,MISC,O,X,O
252,Direct,기자재비,보조기기,계측제어,J219,"압력스위치, 차압스위치 및 지시계","PRESSURE SWITCHES,DIFFERENTIAL PRESSURE SWITCHES/INDICATORS ","A,S",○,-,-,○,0.0,-,0.0,-,528713450.1,2016-08-09 00:00:00,0,-,CP-E4,MISC,O,X,O
253,Direct,기자재비,보조기기,계측제어,J221,"압력계, 온도계 및 온도스위치","PRESSURE GAUGES, TEMPERATURE SWITCHES AND INDICATING THERMOMETERS","A,S",○,-,-,○,0.0,-,0.0,-,357132600.0,2017-03-31 00:00:00,0,-,CP-E4,MISC,O,X,O
254,Direct,기자재비,보조기기,계측제어,J224,평균피토튜브,AVERAGING PIPOT TUBES ,"Q,A,S",○,-,-,○,0.0,-,0.0,-,930710000.0000001,2016-07-29 00:00:00,0,-,CP-E4,MISC,O,X,O
255,Direct,기자재비,보조기기,계측제어,J225,직독식 유량측정계기,ROTAMETERS AND MISCELLANEOUS FLOW DEVICES,"A,S",○,-,-,○,0.0,-,0.0,-,312757500.0,2017-01-18 00:00:00,0,-,CP-E4,MISC,O,X,O
256,Direct,기자재비,보조기기,계측제어,J226,열확산식 기체유량측정계기,THERMAL DISPERSION TYPE INSTRUMENTS,"Q,A,S",○,-,-,○,0.0,-,0.0,-,1465402400.0,2018-01-12 00:00:00,0,-,CP-E4,MISC,O,X,O
257,Direct,기자재비,보조기기,계측제어,J227,안전등급 온도측정소자,TEMPERATURE ELEMENTS & THERMOWELLS FOR NUCLEAR SERVICE,"Q,A",○,-,-,○,0.0,-,0.0,-,486063380.00000006,2016-07-07 00:00:00,0,-,CP-E4,MISC,O,X,O
258,Direct,기자재비,보조기기,계측제어,J228,일반등급 온도측정소자,TEMPERATURE ELEMENTS & THERMOWELLS FOR  GENERAL SERVICE ,"A,S",○,-,-,○,0.0,-,0.0,-,125400000.00000001,2017-04-10 00:00:00,0,-,CP-E4,MISC,O,X,O
259,Direct,기자재비,보조기기,계측제어,J230A,일반형 전송기,GENERAL TYPE FIELD  INSTRUMENTS,"Q,A",○,-,-,○,0.0,-,0.0,-,0.0,-,0,-,CP-E4,X,O,X,O
260,Direct,기자재비,보조기기,계측제어,J230B,변위식 전송기,DISPLACER TYPE TRANSMITTER,"A,S",○,-,-,○,0.0,-,0.0,-,899545900.0000001,2016-08-04 00:00:00,0,-,CP-E4,ELECTRIC,O,X,O
261,Direct,기자재비,보조기기,계측제어,J230C,지능형 전송기,INTELLIGENT TYPE FIELD INSTRUMENTS,"Q,A,S",○,-,-,○,0.0,-,0.0,-,0.0,-,0,-,CP-E4,X,O,X,O
262,Direct,기자재비,보조기기,계측제어,J231,안전등급 제어밸브,CONTROL VALVES FOR GENERAL SERVICE,A,○,-,-,○,0.0,-,1061588385.0,2013-04-25 00:00:00,0.0,-,0,-,CP-E4,REACTOR/BOILER,O,VALVES,O
263,Direct,기자재비,보조기기,계측제어,J232A,고온고압 제어밸브,CONTROL VALVES FOR STANDARD SEVERE SERVICES,A,○,-,-,○,0.0,-,0.0,-,1219581341.0,2017-01-16 00:00:00,0,-,CP-E4,REACTOR/BOILER,O,X,O
264,Direct,기자재비,보조기기,계측제어,J232B,안전등급 및 고온고압 제어밸브,CONTROL VALVES FOR SAFETY-RELATED & SEVERE SERVICE,"Q,A",○,-,-,○,18252300000.0,2010-01-20 00:00:00,0.0,-,14212000000.0,2018-04-24 00:00:00,0,-,CP-E4,REACTOR/BOILER,O,VALVES,O
265,Direct,기자재비,보조기기,계측제어,J233,안전등급 나비형밸브,BUTTERFLY VALVES FOR NUCLEAR SERVICE,Q,○,-,-,○,10334500000.0,2009-09-08 00:00:00,8176300000.0,2011-11-21 00:00:00,16180000000.0,2018-07-06 00:00:00,0,-,CP-E4,REACTOR/BOILER,O,VLAVES,O
266,Direct,기자재비,보조기기,계측제어,J234,순환수계통 나비형밸브,BUTTERFLY VALVES FOR CIRCULATING WATER SYSTEM,A,○,-,-,○,0.0,-,0.0,-,2226441800.0,2016-11-30 00:00:00,0,-,CP-E4,REACTOR/BOILER,O,X,O
267,Direct,기자재비,보조기기,계측제어,J235,일반등급 나비형밸브,BUTTERFLY VALVES FOR GENERAL SERVICE,A,○,-,-,○,0.0,-,0.0,-,1021500000.4000001,2016-09-29 00:00:00,1624461999.6000001,2024-08-24 00:00:00,CP-E4,T/G,O,X,O
268,Direct,기자재비,보조기기,계측제어,J236,터빈추기 역류방지밸브,BLEEDER TRIP VALVES ,A,○,-,-,○,0.0,-,0.0,-,1291340600.0,2016-11-22 00:00:00,1584297000.0000002,2025-01-10 00:00:00,CP-E4,T/G,O,X,O
269,Direct,기자재비,보조기기,계측제어,J239,솔레노이드 밸브,SOLOENOID VALVES ,"Q,A",○,-,-,○,0.0,-,0.0,-,5829000000.0,2017-02-26 00:00:00,0,-,CP-E4,T/G,O,X,O
270,Direct,기자재비,보조기기,계측제어,J240,계기용밸브,INSTRUMENT VALVES,"Q,A,S ",○,-,-,○,0.0,-,0.0,-,383791826.00000006,2016-05-20 00:00:00,0,-,CP-E4,T/G,O,X,O
271,Direct,기자재비,보조기기,계측제어,J241,건설용 계기정비 시험장비,INSTRUMENT MAINTENANCE EQUIPMENT FOR CONSTRUCTION,S,○,-,-,○,0.0,-,0.0,-,742892700.0000001,2016-07-08 00:00:00,0,-,CP-E4,MISC,O,X,O
272,Direct,기자재비,보조기기,계측제어,J242,운전용 계기 및 정비시험장비,INSTRUMENT MAINTENANCE EQUIPMENT FOR OPERATION,S,○,-,-,○,0.0,-,0.0,-,6611000000.0,2019-09-06 00:00:00,0,-,CP-E4,MISC,O,X,O
273,Direct,기자재비,보조기기,계측제어,J243,화학실험실 장비,CHEMICAL LABORATORY EQUIPMENT,S,○,-,-,○,0.0,-,0.0,-,3349500000.0000005,2017-05-18 00:00:00,0,-,CP-E4,MISC,O,X,O
274,Direct,기자재비,보조기기,계측제어,J252,-,INSTRUMENT TUBE CLAMPS,"Q,A",-,-,○,○,0.0,-,0.0,-,0.0,-,0,-,CP-E4,X,O,X,O
275,Direct,기자재비,보조기기,계측제어,J253,-,INSTRUMENT COPPER TUBES,"A,S ",-,-,○,○,0.0,-,0.0,-,0.0,-,0,-,CP-E4,X,O,X,O
276,Direct,기자재비,보조기기,계측제어,J254,-,INSTRUMENT STAINLESS STEEL AND MONEL TUBES,"Q,A,S",-,-,○,○,0.0,-,0.0,-,0.0,-,0,-,CP-E4,X,O,X,O
277,Direct,기자재비,보조기기,계측제어,J263,-,INSTRUMENT TUBE FITTINGS,"Q,A,S",-,-,○,○,0.0,-,0.0,-,0.0,-,0,-,CP-E4,X,O,X,O
278,Direct,기자재비,보조기기,계측제어,J264,-,INSTRUMENT TUBING SUPPORTS AND SUPPORT FITTINGS,"Q,A ",-,-,○,○,0.0,-,0.0,-,0.0,-,0,-,CP-E4,X,O,X,O
279,Direct,기자재비,보조기기,계측제어,J265,-,INSTRUMENT PIPE AND PIPE FITTINGS,"Q,A,S",-,-,○,○,0.0,-,0.0,-,0.0,-,0,-,CP-E4,X,O,X,O
280,Direct,기자재비,보조기기,계측제어,J213,-,MMIS-BOP SYSTEM,"Q,A,S",○,-,-,○,0.0,-,0.0,-,0.0,-,0,-,CP-E4,X,O,X,O
282,Direct,시공비,대비 공사,-,-,시운전 정비공사 (계측분야),시운전 정비공사 (계측분야),-,-,○,-,-,0.0,-,7210000000.0,2015-03-04 00:00:00,12169000000.0,2021-02-19 00:00:00,0,-,X,CONST SERVICES,O,X,O
283,Direct,시공비,대비 공사,-,-,대비공사 - 모의제어훈련원,대비공사 - 모의제어훈련원,-,-,○,-,-,0.0,-,5263000000.0,2014-05-28 00:00:00,0.0,-,0,-,X,CONST SERVICES,X,X,O
284,Direct,시공비,대비 공사,-,-,대비공사 - 콘크리트 실험실,대비공사 - 콘크리트 실험실,-,-,○,-,-,0.0,-,0.0,-,0.0,-,0,-,X,X,X,X,O
285,Direct,시공비,대비 공사,-,-,대비공사 - 철근인장 실험실,대비공사 - 철근인장 실험실,-,-,○,-,-,0.0,-,0.0,-,0.0,-,0,-,X,X,X,X,O
286,Direct,시공비,대비 공사,-,-,대비공사 - 조경 및 준공대비공사,대비공사 - 조경 및 준공대비공사,-,-,○,-,-,0.0,-,0.0,-,0.0,-,0,-,X,X,X,X,O
287,Direct,시공비,대비 공사,-,-,대비공사 - EAB 우회도로 (군도 20호선),대비공사 - EAB 우회도로 (군도 20호선),-,-,○,-,-,0.0,-,0.0,-,0.0,-,0,-,X,X,X,X,O
288,Direct,시공비,대비 공사,-,-,대비공사 - 공사용동력 배전선로 공급공사,대비공사 - 공사용동력 배전선로 공급공사,-,-,○,-,-,0.0,-,0.0,-,0.0,-,0,-,X,X,X,X,O
289,Direct,시공비,대비 공사,-,-,대비공사 - 지역,대비공사 - 지역,-,-,○,-,-,0.0,-,0.0,-,0.0,-,0,-,X,X,X,X,O
290,Direct,시공비,대비 공사,-,-,대비공사 - 스마트안전관제 시스템 구축 (안전통합관제실),대비공사 - 스마트안전관제 시스템 구축 (안전통합관제실),-,-,○,-,-,0.0,-,0.0,-,0.0,-,0,-,X,X,X,X,O
291,Direct,시공비,대비공사,-,-,기기공급자 설치공사 - 전력용 변압기,기기공급자 설치공사 - 전력용 변압기,-,-,○,-,-,0.0,-,0.0,-,0.0,-,0,-,X,X,X,X,O
292,Direct,시공비,대비공사,-,-,기기공급자 설치공사 - 800kV 가스절연 모선 (GIB),기기공급자 설치공사 - 800kV 가스절연 모선 (GIB),-,-,○,-,-,0.0,-,0.0,-,0.0,-,0,-,X,X,X,X,O
293,Direct,시공비,대비공사,-,-,기기공급자 설치공사 - 362kV 가스절연개폐설비,기기공급자 설치공사 - 362kV 가스절연개폐설비,-,-,○,-,-,0.0,-,0.0,-,0.0,-,0,-,X,X,X,X,O
294,Direct,시공비,대비공사,-,-,기기공급자 설치공사 - 154kV/345kV CV Cable,기기공급자 설치공사 - 154kV/345kV CV Cable,-,-,○,-,-,0.0,-,0.0,-,0.0,-,0,-,X,X,X,X,O
295,Indirect,용역비,종합설계,-,-,A/E (종합설계용역),A/E (종합설계용역),-,-,-,-,-,293300700000.0,2006-08-28 00:00:00,329437900000.0,2009-05-29 00:00:00,431500000000.0,2014-04-11 00:00:00,467202000000,2016-03-18 00:00:00,CP-S1,HOME ENGINEERING,X,X,O
296,Indirect,용역비,기타 용역,-,-,비파괴검사 용역 (NDE),비파괴검사 용역 (NDE),-,-,○,-,-,0.0,-,11165000000.0,2012-05-31 00:00:00,16237000000.0,2017-02-27 00:00:00,0,-,CP-S1,CONST SERVICES,X,X,O
297,Indirect,용역비,기타 용역,-,-,시운전 정비공사 (기전분야),시운전 정비공사 (기전분야),-,-,○,-,-,0.0,-,28884000000.0,2015-03-04 00:00:00,46517000000.0,2021-01-28 00:00:00,0,-,CP-S1,CONST SERVICES,X,X,O
298,Indirect,용역비,기타 용역,-,-,기자재 품질검사 용역 (QA/QC),기자재 품질검사 용역 (QA/QC),-,-,○,-,-,0.0,-,13180200000.000002,2009-12-02 00:00:00,0.0,-,26692000000,2024-02-29 00:00:00,CP-S1,CONST SERVICES,X,X,O
299,Indirect,사업주비,일반관리비,-,-,일반관리비,일반관리비,-,-,-,-,-,0.0,-,0.0,-,0.0,-,0,-,X,X,X,X,O
300,Indirect,사업주비,외자조작비,-,-,외자조작비,외자조작비,-,-,-,-,-,0.0,-,0.0,-,0.0,-,0,-,X,X,X,X,O
301,Indirect,사업주비,용지비,-,-,용지비,용지비,-,-,-,-,-,0.0,-,0.0,-,0.0,-,0,-,X,X,X,X,O
